{"data":[{"duration":"90 min","listed_in":"Children & Family Movies, Comedies","cast":"Alan Marriott, Andrew Toth, Brian Dobson, Cole Howard, Jennifer Cameron, Jonathan Holmes, Lee Tockar, Lisa Durupt, Maya Kay, Michael Dobson","country":"United States, India, South Korea, China","date_added":"September 9, 2019","show_id":"81145628","director":"Richard Finn, Tim Maltby","release_year":"2019","rating":"TV-PG","type":"Movie","title":"Norm of the North: King Sized Adventure"},{"duration":"125 min","listed_in":"Dramas, International Movies, Thrillers","cast":"Ayushmann Khurrana, Nassar, Manoj Pahwa, Kumud Mishra, Isha Talwar, Sayani Gupta, Mohammed Zeeshan Ayyub, Subhrajyoti Barat, Sushil Pandey, Aakash Dabhade","country":"India","date_added":"September 6, 2019","show_id":"81154455","director":"Anubhav Sinha","release_year":"2019","rating":"TV-MA","type":"Movie","title":"Article 15"},{"duration":"108 min","listed_in":"Dramas, Romantic Movies","cast":"Caleb Castille, Rose Reid, Kevin Sizemore, Gregory Alan Williams","country":"United States","date_added":"September 4, 2019","show_id":"81078908","director":"Brian Baugh","release_year":"2019","rating":"PG","type":"Movie","title":"The World We Make"},{"duration":"75 min","listed_in":"Documentaries, Sports Movies","cast":"","country":"United Kingdom","date_added":"January 9, 2020","show_id":"81167492","director":"Mark Sloper","release_year":"2019","rating":"TV-14","type":"Movie","title":"Speed Is My Need"},{"duration":"119 min","listed_in":"Action & Adventure, International Movies","cast":"","country":"United States, Germany","date_added":"January 25, 2019","show_id":"80223052","director":"","release_year":"2019","rating":"TV-MA","type":"Movie","title":"Polar"},{"duration":"95 min","listed_in":"Action & Adventure, International Movies","cast":"Noomi Rapace, Sophie NÃ©lisse, Indira Varma, George Georgiou, Christopher Sciueref, Eoin Macken","country":"United Kingdom, United States","date_added":"January 18, 2019","show_id":"80207371","director":"","release_year":"2019","rating":"TV-MA","type":"Movie","title":"Close"},{"duration":"91 min","listed_in":"Horror Movies, Thrillers","cast":"Stanley Tucci, Kiernan Shipka, Miranda Otto, Kate Trotter, John Corbett, Kyle Breitkopf, Dempsey Bryk, Billy MacLellan","country":"Germany","date_added":"April 10, 2019","show_id":"81021447","director":"John R. Leonetti","release_year":"2019","rating":"TV-14","type":"Movie","title":"The Silence"},{"duration":"118 min","listed_in":"Horror Movies, International Movies","cast":"Divya Dutta, Atul Kulkarni, Mohan Agashe, Anupam Shyam, Raayo S. Bakhirta, Yashvit Sancheti, Greeva Kansara, Archan Trivedi, Rajiv Pathak","country":"India","date_added":"April 1, 2019","show_id":"81086434","director":"Shravan Kumar","release_year":"2019","rating":"TV-14","type":"Movie","title":"706"},{"duration":"97 min","listed_in":"Action & Adventure, Comedies","cast":"Faizon Love, Kirk Fox, Tony Todd, Pearl Thusi, Cassie Clare, Fiona Ramsey, Neels Clasen, Roxy Nel","country":"United States","date_added":"January 9, 2020","show_id":"81214114","director":"Don Michael Paul","release_year":"2020","rating":"TV-MA","type":"Movie","title":"Bulletproof 2"},{"duration":"121 min","listed_in":"Dramas, Thrillers","cast":"Crystal Fox, Phylicia Rashad, Cicely Tyson, Bresha Webb, Mehcad Brooks, Adrian Pasdar, Tyler Perry","country":"","date_added":"January 17, 2020","show_id":"81127902","director":"Tyler Perry","release_year":"2020","rating":"TV-MA","type":"Movie","title":"A Fall from Grace"},{"duration":"90 min","listed_in":"Children & Family Movies","cast":"Axle McCoy, Travis McCoy, Tyler Jade Nixon, Alexis Louder, DeVaughn Gow, LaVaughn Hamilton, Maya Simmons, Quddus Newton, Jordan Padreira, Derek Lee Nixon","country":"United States","date_added":"June 5, 2019","show_id":"81076055","director":"Philip Marlatt","release_year":"2019","rating":"TV-PG","type":"Movie","title":"Dolphin Kick"},{"duration":"62 min","listed_in":"Stand-Up Comedy","cast":"Colleen Ballinger","country":"United States","date_added":"June 4, 2019","show_id":"80237423","director":"Marcus Raboy","release_year":"2019","rating":"TV-14","type":"Movie","title":"Miranda Sings Live?Your Welcome"},{"duration":"122 min","listed_in":"Horror Movies, International Movies, Romantic Movies","cast":"Phantira Pipityakorn, Oabnithi Wiwattanawarang, Sapol Assawamunkong, Surasak Vongthai, Sahatchai 'Stop' Chumrum, Sahajak Boonthanakit, Makorn Supinacharoen, Sasithorn Panichnok","country":"Thailand","date_added":"June 30, 2019","show_id":"81093122","director":"Sittisiri Mongkolsiri","release_year":"2019","rating":"TV-MA","type":"Movie","title":"Inhuman Kiss"},{"duration":"141 min","listed_in":"Dramas, International Movies, Thrillers","cast":"John Abraham, Jackie Shroff, Mouni Roy, Sikander Kher, Raghuvir Yadav, Alka Amin, Rajesh Shringarpure, Anil George","country":"India","date_added":"June 30, 2019","show_id":"81039384","director":"Robbie Grewal","release_year":"2019","rating":"TV-14","type":"Movie","title":"Romeo Akbar Walter"},{"duration":"98 min","listed_in":"Horror Movies","cast":"Charlie Shotwell, Lili Taylor, Kelly Reilly, Max Martini, Sadie Sink, Deneen Tyler, Katia Gomez","country":"United States","date_added":"October 18, 2019","show_id":"80206910","director":"CiarÃ¡n Foy","release_year":"2019","rating":"TV-MA","type":"Movie","title":"Eli"},{"duration":"100 min","listed_in":"Comedies, Dramas, International Movies","cast":"Biel Montoro, Nacho SÃ¡nchez, Lola CordÃ³n, Itsaso Arana, Chani MartÃ­n, IÃ±igo Aranburu, Kandido Uranga, Javier CifriÃ¡n, Mamen Duch, Carolina Clemente, Jorge Cabrera, Daniel Fuster, Edgar Costas, Patxi SantamarÃ­a","country":"Spain","date_added":"October 18, 2019","show_id":"80990336","director":"Daniel SÃ¡nchez ArÃ©valo","release_year":"2019","rating":"TV-MA","type":"Movie","title":"Seventeen"},{"duration":"86 min","listed_in":"Documentaries","cast":"","country":"United Kingdom","date_added":"October 18, 2019","show_id":"80214706","director":"Ed Perkins","release_year":"2019","rating":"TV-MA","type":"Movie","title":"Tell Me Who I Am"},{"duration":"96 min","listed_in":"Comedies, Dramas","cast":"Meryl Streep, Gary Oldman, Antonio Banderas, Sharon Stone, James Cromwell, Jeffrey Wright, Melissa Rauch, Jeff Michalski, Jane Morris, Robert Patrick, David Schwimmer","country":"United States","date_added":"October 18, 2019","show_id":"80994011","director":"Steven Soderbergh","release_year":"2019","rating":"R","type":"Movie","title":"The Laundromat"},{"duration":"112 min","listed_in":"Comedies, Dramas, International Movies","cast":"Priyanshu Painyuli, Chandrachoor Rai, Shadab Kamal, Rajeev Siddhartha, Sheetal Thakur, Ninad Kamat, Swati Semwal, Eijaz Khan","country":"India","date_added":"October 18, 2019","show_id":"80998890","director":"Udai Singh Pawar","release_year":"2019","rating":"TV-14","type":"Movie","title":"Upstarts"},{"duration":"22 min","listed_in":"Documentaries","cast":"","country":"United States","date_added":"October 16, 2019","show_id":"81081656","director":"Bassam Tariq","release_year":"2019","rating":"TV-MA","type":"Movie","title":"Ghosts of Sugar Land"},{"duration":"80 min","listed_in":"Comedies","cast":"Amara La Negra, Erica Hubbard, Joely Fisher, Paris Phillips, Erica Peeples, Tami Roman, Alfred Thomas II, J-Boog, Hunter Ives, Dylan Mooney","country":"United States","date_added":"January 1, 2020","show_id":"81103093","director":"Chris Stokes","release_year":"2019","rating":"TV-14","type":"Movie","title":"Fall Girls"},{"duration":"81 min","listed_in":"Children & Family Movies, Comedies","cast":"Luccas Neto, Vivian Duarte, Giobanna Alparone, JÃ©ssica Diehl","country":"","date_added":"January 1, 2020","show_id":"81211681","director":"Lucas Margutti","release_year":"2019","rating":"TV-Y7","type":"Movie","title":"Luccas Neto in: Children's Day"},{"duration":"91 min","listed_in":"Dramas, Sports Movies","cast":"AndrÃ© Holland, Zazie Beetz, Bill Duke, Kyle MacLachlan, Melvin Gregg, Sonja Sohn, Zachary Quinto","country":"United States","date_added":"February 8, 2019","show_id":"80991400","director":"Steven Soderbergh","release_year":"2019","rating":"TV-MA","type":"Movie","title":"High Flying Bird"},{"duration":"63 min","listed_in":"Children & Family Movies, Comedies","cast":"Kevin Hart, Saniyya Sidney, Lil Rel Howery, Eoghan Thomas Murphy, Tiffany Haddish, Al Shearer, Lonnie Chavis, Alphonso Mcauley, Nika Williams, Barry Brewer, Greg Germann, John Ennis, Jay Johnston","country":"United States","date_added":"February 8, 2019","show_id":"80231156","director":"Tom Stern","release_year":"2019","rating":"TV-PG","type":"Movie","title":"Kevin Hart's Guide to Black History"},{"duration":"74 min","listed_in":"Documentaries, Music & Musicals","cast":"Sam Cooke","country":"United States","date_added":"February 8, 2019","show_id":"80191045","director":"Kelly Duane de la Vega","release_year":"2019","rating":"TV-MA","type":"Movie","title":"ReMastered: The Two Killings of Sam Cooke"},{"duration":"","listed_in":"","cast":"","country":"","date_added":"","show_id":"","director":"","release_year":"","rating":"","type":"","title":""}]}