<?xml version="1.0" encoding="ISO-8859-15"?>
<root>
<row>
<tconst>tt0065392</tconst>
<averageRating>7.2</averageRating>
<numVotes>6</numVotes>
</row>
<row>
<tconst>tt0120589</tconst>
<averageRating>7.3</averageRating>
<numVotes>18</numVotes>
</row>
<row>
<tconst>tt0427543</tconst>
<averageRating>6.2</averageRating>
<numVotes>1675</numVotes>
</row>
<row>
<tconst>tt0432010</tconst>
<averageRating>7.1</averageRating>
<numVotes>48</numVotes>
</row>
<row>
<tconst>tt0837563</tconst>
<averageRating>5.7</averageRating>
<numVotes>79209</numVotes>
</row>
<row>
<tconst>tt0846775</tconst>
<averageRating>7.2</averageRating>
<numVotes>12</numVotes>
</row>
<row>
<tconst>tt0858419</tconst>
<averageRating>5.6</averageRating>
<numVotes>424</numVotes>
</row>
<row>
<tconst>tt10002654</tconst>
<averageRating>7.0</averageRating>
<numVotes>747</numVotes>
</row>
<row>
<tconst>tt10003978</tconst>
<averageRating>7.1</averageRating>
<numVotes>232</numVotes>
</row>
<row>
<tconst>tt10016428</tconst>
<averageRating>6.1</averageRating>
<numVotes>8</numVotes>
</row>
<row>
<tconst>tt10324144</tconst>
<averageRating>8.2</averageRating>
<numVotes>22201</numVotes>
</row>
<row>
<tconst>tt10506490</tconst>
<averageRating>7.4</averageRating>
<numVotes>137</numVotes>
</row>
<row>
<tconst>tt10507902</tconst>
<averageRating>4.6</averageRating>
<numVotes>74</numVotes>
</row>
<row>
<tconst>tt10507938</tconst>
<averageRating>7.4</averageRating>
<numVotes>16</numVotes>
</row>
<row>
<tconst>tt10508182</tconst>
<averageRating>5.1</averageRating>
<numVotes>107</numVotes>
</row>
<row>
<tconst>tt10508366</tconst>
<averageRating>9.1</averageRating>
<numVotes>7</numVotes>
</row>
<row>
<tconst>tt11390036</tconst>
<averageRating>5.8</averageRating>
<numVotes>10584</numVotes>
</row>
<row>
<tconst>tt5316540</tconst>
<averageRating>5.7</averageRating>
<numVotes>20396</numVotes>
</row>
<row>
<tconst>tt7315484</tconst>
<averageRating>5.3</averageRating>
<numVotes>36276</numVotes>
</row>
<row>
<tconst>tt7643622</tconst>
<averageRating>5.3</averageRating>
<numVotes>484</numVotes>
</row>
<row>
<tconst>tt9390026</tconst>
<averageRating>5.3</averageRating>
<numVotes>382</numVotes>
</row>
<row>
<tconst>tt9887580</tconst>
<averageRating>3.5</averageRating>
<numVotes>368</numVotes>
</row>
<row>
<tconst>tt9915790</tconst>
<averageRating>7.2</averageRating>
<numVotes>24</numVotes>
</row>
<row>
<tconst>tt0062336</tconst>
<averageRating>6.6</averageRating>
<numVotes>84</numVotes>
</row>
<row>
<tconst>tt0137818</tconst>
<averageRating>4.0</averageRating>
<numVotes>21</numVotes>
</row>
<row>
<tconst>tt0170651</tconst>
<averageRating>7.4</averageRating>
<numVotes>7</numVotes>
</row>
<row>
<tconst>tt0192528</tconst>
<averageRating>4.0</averageRating>
<numVotes>81</numVotes>
</row>
<row>
<tconst>tt0276568</tconst>
<averageRating>6.5</averageRating>
<numVotes>6</numVotes>
</row>
<row>
<tconst>tt0328810</tconst>
<averageRating>7.7</averageRating>
<numVotes>71</numVotes>
</row>
<row>
<tconst>tt0360556</tconst>
<averageRating>4.9</averageRating>
<numVotes>17118</numVotes>
</row>
<row>
<tconst>tt0368133</tconst>
<averageRating>6.6</averageRating>
<numVotes>5</numVotes>
</row>
<row>
<tconst>tt0446792</tconst>
<averageRating>8.1</averageRating>
<numVotes>13</numVotes>
</row>
<row>
<tconst>tt0805647</tconst>
<averageRating>5.4</averageRating>
<numVotes>11606</numVotes>
</row>
<row>
<tconst>tt0849437</tconst>
<averageRating>6.1</averageRating>
<numVotes>37</numVotes>
</row>
<row>
<tconst>tt10379012</tconst>
<averageRating>5.8</averageRating>
<numVotes>47</numVotes>
</row>
<row>
<tconst>tt6032076</tconst>
<averageRating>8.3</averageRating>
<numVotes>44</numVotes>
</row>
<row>
<tconst>tt8960204</tconst>
<averageRating>5.1</averageRating>
<numVotes>172</numVotes>
</row>
<row>
<tconst>tt8961266</tconst>
<averageRating>8.3</averageRating>
<numVotes>494</numVotes>
</row>
<row>
<tconst>tt8961466</tconst>
<averageRating>8.1</averageRating>
<numVotes>19</numVotes>
</row>
<row>
<tconst>tt8961774</tconst>
<averageRating>5.2</averageRating>
<numVotes>5</numVotes>
</row>
<row>
<tconst>tt8962486</tconst>
<averageRating>4.9</averageRating>
<numVotes>281</numVotes>
</row>
<row>
<tconst>tt8962518</tconst>
<averageRating>5.0</averageRating>
<numVotes>5</numVotes>
</row>
<row>
<tconst>tt8962996</tconst>
<averageRating>8.2</averageRating>
<numVotes>336</numVotes>
</row>
<row>
<tconst>tt8963184</tconst>
<averageRating>8.6</averageRating>
<numVotes>8</numVotes>
</row>
<row>
<tconst>tt9428190</tconst>
<averageRating>3.2</averageRating>
<numVotes>293</numVotes>
</row>
<row>
<tconst>tt9914286</tconst>
<averageRating>6.4</averageRating>
<numVotes>194</numVotes>
</row>
<row>
<tconst>tt9914942</tconst>
<averageRating>6.8</averageRating>
<numVotes>106</numVotes>
</row>
<row>
<tconst>tt9916160</tconst>
<averageRating>6.5</averageRating>
<numVotes>40</numVotes>
</row>
</root>
