<?xml version="1.0"?>
<mapping>
	<dbms product="EBCDIC" id="ebcdic_id" label="Mapping Ebcdic"
		default="true">
		<dbTypes>
			<dbType type="X" default="true" defaultLength="50" ignorePre="true"/>
			<dbType type="1" defaultPrecision="2"/>
			<dbType type="2" defaultLength="20" defaultPrecision="10"/>
			<dbType type="3" defaultLength="20" defaultPrecision="10"/>
			<dbType type="9"  defaultLength="20" defaultPrecision="10"/>
			<dbType type="B" defaultLength="20" defaultPrecision="10"/>
			<dbType type="T" ignorePre="true" />
		</dbTypes>

		<language name="java">
			<talendToDbTypes><!-- Adviced mappings  -->
				<talendType type="id_List"/>
				<talendType type="id_Boolean">	
				</talendType>
				<talendType type="id_Byte">
					<dbType type="T" default="true" />
				</talendType>
				<talendType type="id_byte[]">
					<dbType type="T" default="true" />
				</talendType>
				<talendType type="id_Character">
					<dbType type="X" default="true" />
				</talendType>
				<talendType type="id_Date">
				</talendType>
				<talendType type="id_BigDecimal">
					<dbType type="9" default="true" />
					<dbType type="B"/>
					<dbType type="3" />				
				</talendType>
				<talendType type="id_Double">
					<dbType type="2" default="true" />
				</talendType>
				<talendType type="id_Float">
					<dbType type="1" default="true" />
				</talendType>
				<talendType type="id_Integer">
					<dbType type="9" default="true" />
				</talendType>
				<talendType type="id_Long">
					<dbType type="9" default="true" />
				</talendType>
				<talendType type="id_Object">
				</talendType>
				<talendType type="id_Short">
					<dbType type="9" default="true" />
				</talendType>
				<talendType type="id_String">
					<dbType type="X" default="true" />
				</talendType>
			</talendToDbTypes>
			<dbToTalendTypes>
				<dbType type="X">
					<talendType type="id_String" default="true" />
				</dbType>
				<dbType type="1">
					<talendType type="id_Float" default="true" />
				</dbType>
				<dbType type="2">
					<talendType type="id_Double" default="true" />
				</dbType>
				<dbType type="3">
					<talendType type="id_BigDecimal" default="true" />
				</dbType>
				<dbType type="9">
					<talendType type="id_BigDecimal" default="true" />
				</dbType>
				<dbType type="B">
					<talendType type="id_BigDecimal" default="true" />
				</dbType>
				<dbType type="T">
					<talendType type="id_byte[]" default="true" />
				</dbType>
			</dbToTalendTypes>
		</language>
	</dbms>

</mapping>
