<?xml version="1.0"?>
<mapping>
	<dbms product="FIREBIRD" id="firebird_id" label="Mapping Firebird"
		default="true">
		<dbTypes>
			<dbType type="BLOB" defaultLength="20" defaultPrecision="10" />
			<dbType type="CHAR" defaultLength="10" ignorePre="true" />
			<dbType type="CHAR VARYING" ignorePre="true" />
			<dbType type="DATE" ignoreLen="true" ignorePre="true" />
			<dbType type="DECIMAL" defaultLength="10" defaultPrecision="5" />
			<dbType type="DOUBLE PRECISION" ignoreLen="true" ignorePre="true" />
			<dbType type="FLOAT" defaultLength="10" ignorePre="true" />
			<dbType type="INTEGER" ignoreLen="true" ignorePre="true" /> 
			<dbType type="NCHAR" defaultLength="10" ignorePre="true" />
			<dbType type="NCHAR VARYING" defaultLength="10" ignorePre="true" />
			<dbType type="NUMERIC" defaultLength="10" defaultPrecision="5"/>
			<dbType type="SMALLINT" ignoreLen="true" ignorePre="true" />
			<dbType type="TIME" ignoreLen="true" ignorePre="true" />
			<dbType type="VARCHAR" default="true" defaultLength="200" ignorePre="true"/>	
		</dbTypes>

		<language name="java">
			<talendToDbTypes><!-- Adviced mappings  -->
				<talendType type="id_List"/>
				<talendType type="id_Boolean">					
				</talendType>
				<talendType type="id_Byte">
					<dbType type="SMALLINT" default="true" />
					<dbType type="INTEGER" />
					<dbType type="NUMERIC" />			
				</talendType>
				<talendType type="id_byte[]">
				</talendType>
				<talendType type="id_Character">
					<dbType type="CHAR" default="true" />
					<dbType type="CHAR VARYING"/>
					<dbType type="NCHAR"/>
					<dbType type="NCHAR VARYING"/>
					<dbType type="VARCHAR"/>
				</talendType>
				<talendType type="id_Date">
					<dbType type="DATE" default="true" />
					<dbType type="TIME" />				
				</talendType>
				<talendType type="id_BigDecimal">
					<dbType type="DECIMAL" default="true" />
					<dbType type="FLOAT"/>
					<dbType type="DOUBLE PRECISION"/>
					<dbType type="NUMERIC" />
				</talendType>
				<talendType type="id_Double">
					<dbType type="DOUBLE PRECISION" default="true" />
					<dbType type="DECIMAL" />				
				</talendType>
				<talendType type="id_Float">
					<dbType type="FLOAT" default="true" />
					<dbType type="DECIMAL"/>
				</talendType>
				<talendType type="id_Integer">
					<dbType type="INTEGER" default="true" />
					<dbType type="SMALLINT" />
					<dbType type="NUMERIC" />
				</talendType>
				<talendType type="id_Long">
					<dbType type="NUMERIC" default="true" />	
					<dbType type="INTEGER" />	
					<dbType type="SMALLINT" />
				</talendType>
				<talendType type="id_Object">
					<dbType type="BLOB" default="true"/>
				</talendType>
				<talendType type="id_Short">
					<dbType type="SMALLINT" default="true" />
					<dbType type="INTEGER" />
					<dbType type="NUMERIC"/>
				</talendType>
				<talendType type="id_String">
					<dbType type="VARCHAR" default="true" />
					<dbType type="CHAR" />
					<dbType type="CHAR VARYING"/>
					<dbType type="NCHAR" />
					<dbType type="NCHAR VARYING" />		
				</talendType>
			</talendToDbTypes>
			<dbToTalendTypes>
				<dbType type="BLOB">
					<talendType type="id_Object" default="true" />
				</dbType>
				<dbType type="CHAR">
					<talendType type="id_String" default="true" />
				</dbType>
				<dbType type="CHAR VARYING">
					<talendType type="id_String" default="true" />
				</dbType>
				<dbType type="DATE">
					<talendType type="id_Date" default="true" />
				</dbType>
				<dbType type="DECIMAL">
					<talendType type="id_Float"/>
					<talendType type="id_BigDecimal" default="true"/>
					<talendType type="id_Double"/>
				</dbType>
				<dbType type="DOUBLE PRECISION">
					<talendType type="id_Double" default="true" />
					<talendType type="id_BigDecimal"/>
					<talendType type="id_Float"/>
				</dbType>
				<dbType type="FLOAT">
					<talendType type="id_Float" default="true" />
					<talendType type="id_BigDecimal"/>
					<talendType type="id_Double"/>
				</dbType>
				<dbType type="INTEGER">
					<talendType type="id_Integer" default="true" />
					<talendType type="id_Long"/>
					<talendType type="id_Short"/>
				</dbType>
				<dbType type="NCHAR">
					<talendType type="id_String" default="true" />
				</dbType>
				<dbType type="NCHAR VARYING">
					<talendType type="id_String" default="true" />
				</dbType>
				<dbType type="NUMERIC">
					<talendType type="id_Integer"/>
					<talendType type="id_BigDecimal" default="true"/>
					<talendType type="id_Long"/>
					<talendType type="id_Short"/>
				</dbType>
				<dbType type="SMALLINT">
					<talendType type="id_Short" default="true" />
					<talendType type="id_Long"/>
					<talendType type="id_Integer"/>
				</dbType>
				<dbType type="TIME">
					<talendType type="id_Date" default="true" />
				</dbType>
				<dbType type="VARCHAR">
					<talendType type="id_String" default="true" />
				</dbType>
			</dbToTalendTypes>
		</language>
	</dbms>

</mapping>
