<?xml version="1.0"?>
<mapping>
	<dbms product="MicrosoftCrm" id="mscrm_odata_id" label="Mapping MicrosoftCrm with ODATA" default="true">
		<dbTypes>
			<dbType type="Boolean" ignorePre="true" />
			<dbType type="Binary" ignoreLen="true" ignorePre="true" />
			<dbType type="Collection" ignorePre="true" />
			<dbType type="DateTimeOffset" ignorePre="true" ignoreLen="true"/>
			<dbType type="Date" ignorePre="true" ignoreLen="true"/>
			<dbType type="Decimal" defaultLength="20" defaultPrecision="10" preBeforelen="false" />
			<dbType type="Double" defaultLength="20" defaultPrecision="10" />
			<dbType type="Guid" ignorePre="true" default="true" defaultLength="100" />
			<dbType type="Int32" ignorePre="true" />
			<dbType type="Int64" ignorePre="true" />
			<dbType type="String" ignorePre="true" default="true" defaultLength="100" />
		</dbTypes>
		<language name="java">
			<talendToDbTypes>
				<talendType type="id_List">
				    <dbType type="Collection" default="true" />
                </talendType>
				<talendType type="id_Boolean">
					<dbType type="Boolean" default="true" />
				</talendType>
				<talendType type="id_Byte" />
				<talendType type="id_byte[]">
                    <dbType type="Binary" default="true" />
                </talendType>
				<talendType type="id_Character" />
				<talendType type="id_Date">
				    <dbType type="DateTimeOffset" default="true" />
				    <dbType type="Date" />
				</talendType>
				<talendType type="id_BigDecimal">
				    <dbType type="Decimal" default="true" />
				</talendType>
				<talendType type="id_Double">
				    <dbType type="Double" default="true" />
				</talendType>
				<talendType type="id_Float" />
				<talendType type="id_Integer">
				    <dbType type="Int32" default="true" />
				</talendType>
				<talendType type="id_Long">
				    <dbType type="Int64" default="true" />
				</talendType>
				<talendType type="id_Object" />
				<talendType type="id_Short" />
				<talendType type="id_String">
				    <dbType type="String" default="true" />
				    <dbType type="Guid" />
				</talendType>
			</talendToDbTypes>
			<dbToTalendTypes>
				<dbType type="Boolean">
					<talendType type="id_Boolean" default="true" />
				</dbType>
				<dbType type="Binary">
                    <talendType type="id_byte[]" default="true" />
                </dbType>
                <dbType type="Collection">
                    <talendType type="id_List" default="true" />
                </dbType>
				<dbType type="DateTimeOffset">
					<talendType type="id_Date" default="true" />
				</dbType>
				<dbType type="Date">
					<talendType type="id_Date" default="true" />
				</dbType>
				<dbType type="Decimal">
					<talendType type="id_BigDecimal" default="true" />
				</dbType>
				<dbType type="Double">
					<talendType type="id_Double" default="true" />
				</dbType>
				<dbType type="Guid">
                    <talendType type="id_String" default="true" />
                </dbType>
				<dbType type="Int32">
					<talendType type="id_Integer" default="true" />
				</dbType>
				<dbType type="Int64">
                    <talendType type="id_Long" default="true" />
                </dbType>
				<dbType type="String">
					<talendType type="id_String" default="true" />
				</dbType>
			</dbToTalendTypes>
		</language>
	</dbms>

</mapping>
